Sat Mar 18 2017 15:59:37 GMT+1000 (AEST),5
Sat Mar 18 2017 16:59:37 GMT+1000 (AEST),4
Sat Mar 18 2017 17:59:37 GMT+1000 (AEST),6
Sat Mar 18 2017 18:59:37 GMT+1000 (AEST),33
Sat Mar 18 2017 19:59:37 GMT+1000 (AEST),84
Sat Mar 18 2017 20:59:37 GMT+1000 (AEST),82
Sat Mar 18 2017 21:59:37 GMT+1000 (AEST),49
Sat Mar 18 2017 22:59:37 GMT+1000 (AEST),51
Sat Mar 18 2017 23:59:37 GMT+1000 (AEST),13
Sun Mar 19 2017 00:59:37 GMT+1000 (AEST),79
Sun Mar 19 2017 01:59:37 GMT+1000 (AEST),48
Sun Mar 19 2017 02:59:37 GMT+1000 (AEST),74
Sun Mar 19 2017 03:59:37 GMT+1000 (AEST),98
Sun Mar 19 2017 04:59:37 GMT+1000 (AEST),79
Sun Mar 19 2017 05:59:37 GMT+1000 (AEST),80
Sun Mar 19 2017 06:59:37 GMT+1000 (AEST),37
Sun Mar 19 2017 07:59:37 GMT+1000 (AEST),89
Sun Mar 19 2017 08:59:37 GMT+1000 (AEST),55
Sun Mar 19 2017 09:59:37 GMT+1000 (AEST),56
Sun Mar 19 2017 10:59:37 GMT+1000 (AEST),60
Sun Mar 19 2017 11:59:37 GMT+1000 (AEST),86
Sun Mar 19 2017 12:59:37 GMT+1000 (AEST),53
Sun Mar 19 2017 13:59:37 GMT+1000 (AEST),88
Sun Mar 19 2017 14:59:37 GMT+1000 (AEST),27
Sun Mar 19 2017 15:59:37 GMT+1000 (AEST),77
Sun Mar 19 2017 16:59:37 GMT+1000 (AEST),47
Sun Mar 19 2017 17:59:37 GMT+1000 (AEST),47
Sun Mar 19 2017 18:59:37 GMT+1000 (AEST),48
Sun Mar 19 2017 19:59:37 GMT+1000 (AEST),23
Sun Mar 19 2017 20:59:37 GMT+1000 (AEST),74
Sun Mar 19 2017 21:59:37 GMT+1000 (AEST),72
Sun Mar 19 2017 22:59:37 GMT+1000 (AEST),36
Sun Mar 19 2017 23:59:37 GMT+1000 (AEST),37
Mon Mar 20 2017 00:59:37 GMT+1000 (AEST),30
Mon Mar 20 2017 01:59:37 GMT+1000 (AEST),25
Mon Mar 20 2017 02:59:37 GMT+1000 (AEST),97
Mon Mar 20 2017 03:59:37 GMT+1000 (AEST),81
Mon Mar 20 2017 04:59:37 GMT+1000 (AEST),42
Mon Mar 20 2017 05:59:37 GMT+1000 (AEST),63
Mon Mar 20 2017 06:59:37 GMT+1000 (AEST),86
Mon Mar 20 2017 07:59:37 GMT+1000 (AEST),7
Mon Mar 20 2017 08:59:37 GMT+1000 (AEST),45
Mon Mar 20 2017 09:59:37 GMT+1000 (AEST),78